Country;Year;Nursing and midwifery personnel (per 10 000 population)
Afghanistan;2014;3.200
Afghanistan;2009;6.162
Afghanistan;2008;5.049
Afghanistan;2007;5.046
Afghanistan;2006;4.492
Afghanistan;2005;5.955
Albania;2016;35.998
Albania;2013;45.680
Algeria;2016;22.400
Algeria;2007;19.218
Algeria;2002;21.800
Andorra;2015;40.128
Angola;2009;13.123
Angola;2004;9.798
Angola;1997;9.031
Antigua and Barbuda;2017;31.176
Antigua and Barbuda;2007;30.306
Antigua and Barbuda;1999;28.484
Argentina;2017;25.800
Argentina;2013;42.119
Argentina;2004;4.825
Argentina;2001;4.430
Argentina;1998;8.002
Argentina;1994;21.413
Argentina;1992;20.502
Argentina;1989;
Argentina;1988;
Argentina;1979;
Argentina;1969;
Armenia;2014;56.094
Armenia;2013;56.513
Armenia;2012;57.434
Armenia;2011;57.578
Armenia;2010;56.949
Australia;2016;126.612
Australia;2015;124.667
Australia;2014;123.747
Australia;2013;123.747
Australia;2012;101.797
Australia;2011;103.775
Australia;2010;104.179
Australia;2009;92.599
Australia;2006;107.970
Australia;2001;97.484
Australia;1996;103.597
Austria;2016;81.778
Austria;2015;81.758
Austria;2014;82.479
Austria;2013;80.975
Austria;2012;80.608
Austria;2011;78.708
Austria;2010;78.120
Azerbaijan;2014;69.621
Azerbaijan;2013;72.167
Azerbaijan;2012;73.933
Azerbaijan;2011;75.969
Azerbaijan;2010;80.506
Bahamas;2017;31.386
Bahamas;2011;39.771
Bahamas;2008;39.891
Bahamas;1998;45.605
Bahrain;2015;24.944
Bahrain;2014;24.918
Bahrain;2013;25.034
Bahrain;2012;24.796
Bahrain;2011;24.971
Bahrain;2010;24.595
Bahrain;2009;25.232
Bahrain;2008;25.624
Bahrain;2006;27.181
Bahrain;2005;26.867
Bahrain;2003;28.252
Bahrain;2002;28.717
Bahrain;2001;31.049
Bahrain;2000;29.807
Bangladesh;2017;3.067
Bangladesh;2016;2.559
Bangladesh;2015;2.665
Bangladesh;2014;2.481
Bangladesh;2013;1.937
Bangladesh;2012;2.005
Bangladesh;2011;1.874
Bangladesh;2010;1.775
Bangladesh;2009;1.662
Bangladesh;2008;1.574
Bangladesh;2007;1.576
Bangladesh;2006;2.754
Bangladesh;2005;2.752
Bangladesh;2003;2.670
Barbados;2017;60.273
Barbados;2005;47.847
Barbados;2001;58.367
Barbados;2000;58.636
Barbados;1995;51.321
Belarus;2014;114.383
Belarus;2013;113.050
Belarus;2012;113.717
Belarus;2011;110.620
Belarus;2010;110.705
Belarus;2009;91.006
Belgium;2016;111.011
Belgium;2015;108.193
Belgium;2014;110.149
Belgium;2013;109.106
Belgium;2012;106.277
Belgium;2011;102.570
Belgium;2010;105.851
Belgium;2009;141.082
Belize;2017;16.947
Belize;2012;11.078
Belize;2009;18.159
Belize;2000;12.252
Benin;2016;6.145
Benin;2013;6.317
Benin;2012;6.802
Benin;2008;8.197
Benin;2004;7.470
Bhutan;2017;15.094
Bhutan;2016;14.151
Bhutan;2015;13.589
Bhutan;2014;12.325
Bhutan;2013;10.444
Bhutan;2012;9.774
Bhutan;2008;9.501
Bhutan;2007;7.933
Bhutan;2004;8.043
Bolivia (Plurinational State of);2016;7.357
Bolivia (Plurinational State of);2011;10.060
Bolivia (Plurinational State of);2010;8.435
Bolivia (Plurinational State of);2007;6.159
Bolivia (Plurinational State of);2001;21.293
Bosnia and Herzegovina;2014;62.998
Bosnia and Herzegovina;2013;61.171
Bosnia and Herzegovina;2012;61.680
Bosnia and Herzegovina;2011;58.996
Bosnia and Herzegovina;2010;57.924
Botswana;2016;33.004
Botswana;2012;27.837
Botswana;2011;28.353
Botswana;2010;28.865
Botswana;2009;29.375
Botswana;2008;28.853
Botswana;2007;30.114
Botswana;2006;26.568
Botswana;2005;24.076
Botswana;2004;25.983
Botswana;2003;24.663
Botswana;2002;23.292
Botswana;2001;22.759
Botswana;2000;24.990
Botswana;1999;29.366
Botswana;1998;25.545
Brazil;2018;97.083
Brazil;2017;59.552
Brazil;2013;75.122
Brazil;2010;73.497
Brazil;2008;64.453
Brazil;2007;65.112
Brazil;2006;37.603
Brazil;2005;37.654
Brazil;2004;37.138
Brazil;2003;36.461
Brazil;2002;33.655
Brazil;2001;29.804
Brazil;2000;37.602
Brazil;1999;25.353
Brazil;1998;22.692
Brazil;1997;20.513
Brazil;1996;18.411
Brazil;1995;15.735
Brazil;1994;14.142
Brazil;1993;12.619
Brazil;1992;11.429
Brazil;1990;9.473
Brunei Darussalam;2015;66.012
Brunei Darussalam;2014;64.853
Brunei Darussalam;2013;75.080
Brunei Darussalam;2012;82.887
Brunei Darussalam;2011;79.645
Brunei Darussalam;2010;74.788
Brunei Darussalam;2009;51.225
Brunei Darussalam;2008;51.173
Brunei Darussalam;2007;51.080
Brunei Darussalam;2006;53.200
Brunei Darussalam;2005;54.929
Brunei Darussalam;2004;53.547
Brunei Darussalam;2002;61.113
Brunei Darussalam;2000;38.896
Bulgaria;2014;53.029
Bulgaria;2013;53.684
Bulgaria;2012;52.858
Bulgaria;2011;51.860
Bulgaria;2010;51.698
Burkina Faso;2016;5.696
Burkina Faso;2015;2.400
Burkina Faso;2012;6.312
Burkina Faso;2011;4.564
Burkina Faso;2010;5.540
Burkina Faso;2009;4.045
Burkina Faso;2008;3.705
Burkina Faso;2004;5.032
Burundi;2016;6.800
Burundi;2010;6.813
Burundi;2004;1.877
Cabo Verde;2015;12.272
Cabo Verde;2013;11.421
Cabo Verde;2012;10.720
Cabo Verde;2011;10.687
Cabo Verde;2010;10.808
Cabo Verde;2009;9.980
Cambodia;2014;9.547
Cambodia;2013;9.598
Cambodia;2012;9.232
Cambodia;2011;8.735
Cambodia;2010;8.562
Cambodia;2009;8.546
Cambodia;2008;8.455
Cambodia;2000;9.155
Cambodia;1998;10.079
Cambodia;1996;10.592
Cameroon;2011;9.337
Cameroon;2010;5.365
Cameroon;2009;3.924
Cameroon;2007;4.472
Cameroon;2005;3.849
Cameroon;2004;15.356
Canada;2016;99.056
Canada;2015;98.398
Canada;2014;97.638
Canada;2013;94.899
Canada;2012;93.473
Canada;2011;92.368
Canada;2010;93.233
Canada;2009;103.743
Canada;2008;102.890
Canada;2007;101.208
Canada;2006;100.236
Canada;2005;99.467
Canada;2004;99.067
Canada;2002;94.707
Canada;2001;100.115
Canada;1998;101.846
Central African Republic;2015;2.039
Central African Republic;2009;2.491
Central African Republic;2008;1.922
Central African Republic;2004;3.978
Chad;2016;3.637
Chad;2013;3.089
Chad;2012;2.800
Chad;2006;1.815
Chad;2004;2.574
Chad;2000;1.248
Chad;1999;0.597
Chad;1998;0.562
Chad;1997;0.479
Chile;2016;8.600
Chile;2009;1.452
Chile;2008;1.467
Chile;2007;1.412
Chile;2006;1.428
Chile;2005;1.302
Chile;2004;1.307
Chile;2003;1.302
Chile;2002;1.142
China;2015;23.073
China;2014;21.491
China;2013;20.015
China;2012;18.054
China;2011;16.319
China;2010;14.979
China;2009;13.643
China;2008;12.413
China;2007;11.597
China;2006;10.672
China;2005;10.155
China;2004;9.903
China;2003;9.637
China;2002;9.546
China;2000;9.818
China;1999;9.707
China;1998;9.565
China;1997;9.466
China;1996;9.252
China;1995;9.031
China;1990;8.269
China;1985;
China;1980;
China;1978;
Colombia;2017;12.627
Colombia;2016;12.018
Colombia;2015;11.400
Colombia;2014;10.795
Colombia;2013;10.239
Colombia;2012;9.671
Colombia;2011;9.114
Colombia;2010;6.559
Colombia;2009;6.440
Colombia;2008;6.321
Colombia;2007;6.203
Colombia;2006;6.087
Colombia;2005;5.971
Colombia;2004;5.856
Colombia;2003;5.742
Colombia;2002;5.759
Colombia;2001;5.513
Colombia;1999;5.260
Colombia;1998;5.096
Colombia;1997;4.865
Colombia;1996;4.778
Colombia;1995;4.663
Colombia;1994;4.545
Colombia;1993;4.422
Colombia;1992;4.315
Colombia;1991;4.208
Colombia;1990;4.091
Colombia;1989;
Colombia;1988;
Colombia;1987;
Colombia;1986;
Colombia;1985;
Colombia;1984;
Comoros;2012;9.214
Comoros;2009;7.025
Comoros;2005;5.625
Comoros;2004;9.846
Congo;2011;17.431
Congo;2007;8.782
Congo;2006;13.666
Congo;2004;10.185
Cook Islands;2014;57.955
Cook Islands;2009;61.376
Cook Islands;2004;41.026
Cook Islands;2001;28.415
Costa Rica;2013;7.957
Costa Rica;2000;9.306
Côte d'Ivoire;2014;8.517
Côte d'Ivoire;2011;4.649
Côte d'Ivoire;2008;4.734
Côte d'Ivoire;2005;4.902
Côte d'Ivoire;2004;5.656
Croatia;2016;81.134
Croatia;2014;65.095
Croatia;2013;69.272
Croatia;2012;63.945
Croatia;2011;62.776
Croatia;2010;61.349
Cuba;2017;77.900
Cuba;2014;79.341
Cuba;2013;77.429
Cuba;2012;80.943
Cuba;2010;90.897
Cuba;2007;86.520
Cuba;2002;74.773
Cyprus;2016;52.517
Cyprus;2014;41.222
Cyprus;2013;40.773
Cyprus;2009;34.660
Cyprus;2008;34.301
Cyprus;2007;33.957
Cyprus;2002;30.645
Cyprus;1995;32.979
Cyprus;1990;32.325
Cyprus;1985;
Cyprus;1980;
Cyprus;1976;
Cyprus;1970;
Cyprus;1965;
Cyprus;1960;
Czechia;2016;84.071
Czechia;2015;83.691
Czechia;2014;86.873
Czechia;2013;83.463
Czechia;2012;84.220
Czechia;2011;84.028
Czechia;2010;84.691
Democratic People's Republic of Korea;2017;44.382
Democratic People's Republic of Korea;2014;47.257
Democratic People's Republic of Korea;2008;41.409
Democratic People's Republic of Korea;2003;39.686
Democratic Republic of the Congo;2013;4.700
Democratic Republic of the Congo;2009;4.100
Denmark;2016;103.004
Denmark;2015;172.138
Denmark;2014;169.632
Denmark;2013;167.698
Denmark;2012;165.601
Denmark;2011;162.695
Denmark;2010;160.998
Denmark;2009;159.842
Denmark;2008;154.684
Denmark;2005;149.804
Denmark;2004;145.016
Denmark;2003;148.559
Denmark;2001;171.886
Denmark;1999;142.662
Denmark;1997;141.888
Denmark;1994;143.329
Djibouti;2014;5.350
Djibouti;2005;5.746
Djibouti;2004;3.841
Djibouti;2002;7.371
Djibouti;1999;7.042
Dominica;2017;58.999
Dominica;2001;62.841
Dominica;1997;44.774
Dominican Republic;2017;3.099
Dominican Republic;2011;13.338
Dominican Republic;2009;12.988
Dominican Republic;2000;17.929
Ecuador;2016;12.000
Ecuador;2015;24.882
Ecuador;2011;20.843
Ecuador;2010;16.679
Ecuador;2009;18.898
Ecuador;2003;15.329
Ecuador;2002;16.362
Ecuador;2001;15.909
Ecuador;2000;16.301
Ecuador;1999;16.588
Ecuador;1998;16.376
Ecuador;1997;17.107
Ecuador;1996;17.023
Ecuador;1995;16.056
Ecuador;1994;16.406
Ecuador;1993;14.440
Ecuador;1992;16.895
Ecuador;1991;16.670
Ecuador;1990;16.004
Ecuador;1989;
Ecuador;1988;
Ecuador;1987;
Ecuador;1986;
Ecuador;1985;
Ecuador;1984;
Ecuador;1983;
Ecuador;1982;
Ecuador;1981;
Egypt;2017;13.989
Egypt;2016;13.835
Egypt;2015;15.000
Egypt;2014;13.990
Egypt;2013;14.741
Egypt;2006;22.978
Egypt;2004;19.469
El Salvador;2016;22.780
El Salvador;2008;4.794
El Salvador;2007;13.726
El Salvador;2005;3.457
El Salvador;2002;8.590
El Salvador;1999;6.755
Equatorial Guinea;2017;5.000
Equatorial Guinea;2004;3.739
Eritrea;2004;6.492
Estonia;2016;64.526
Estonia;2015;63.522
Estonia;2014;62.811
Estonia;2013;61.751
Estonia;2012;64.495
Estonia;2011;68.089
Estonia;2010;66.767
Estonia;2000;86.391
Eswatini;2015;20.000
Eswatini;2011;10.544
Eswatini;2009;13.771
Eswatini;2004;62.350
Eswatini;2000;31.512
Ethiopia;2017;8.400
Ethiopia;2009;2.516
Ethiopia;2008;2.015
Ethiopia;2007;2.240
Ethiopia;2006;2.263
Ethiopia;2005;2.451
Ethiopia;2004;2.083
Ethiopia;2003;2.143
Fiji;2015;29.380
Fiji;2013;28.567
Fiji;2009;22.969
Fiji;2008;21.155
Fiji;2003;20.328
Fiji;1999;19.541
Finland;2016;147.230
Finland;2014;150.865
Finland;2013;148.538
Finland;2012;149.660
Finland;2011;149.044
Finland;2010;146.606
Finland;2009;237.467
Finland;2002;150.386
France;2016;96.887
France;2015;109.403
France;2014;106.163
France;2013;103.056
France;2012;99.941
France;2011;95.763
France;2008;79.400
France;2007;80.835
France;2006;78.906
France;2005;76.597
France;2004;74.509
France;2003;72.521
France;2002;70.731
France;2001;68.807
France;2000;66.648
France;1999;64.240
France;1996;60.909
France;1991;55.735
Gabon;2016;25.806
Gabon;2004;49.685
Gambia;2015;16.292
Gambia;2012;13.801
Gambia;2008;8.882
Gambia;2007;8.206
Gambia;2006;5.050
Gambia;2005;5.069
Gambia;2004;4.969
Gambia;2003;13.890
Georgia;2015;40.914
Georgia;2014;40.134
Georgia;2013;39.331
Georgia;2012;38.369
Georgia;2011;40.095
Georgia;2010;40.419
Georgia;2009;32.477
Georgia;2008;33.167
Germany;2016;131.967
Germany;2015;129.241
Germany;2014;134.373
Germany;2013;131.914
Germany;2012;127.797
Germany;2011;126.894
Germany;2010;125.348
Ghana;2017;12.000
Ghana;2016;15.493
Ghana;2013;15.912
Ghana;2010;9.182
Ghana;2009;10.448
Ghana;2008;9.801
Ghana;2004;9.390
Greece;2016;33.728
Greece;2015;33.269
Greece;2014;35.918
Greece;2013;36.622
Greece;2012;37.119
Greece;2011;36.042
Greece;2010;35.801
Grenada;2017;31.447
Grenada;2006;38.529
Grenada;2003;35.742
Grenada;2002;35.847
Grenada;2001;35.953
Grenada;2000;36.024
Grenada;1999;38.856
Guatemala;2018;9.470
Guatemala;2009;8.698
Guinea;2016;3.844
Guinea;2004;4.645
Guinea;2000;4.320
Guinea-Bissau;2015;14.000
Guinea-Bissau;2011;5.507
Guinea-Bissau;2009;6.867
Guinea-Bissau;2008;6.436
Guinea-Bissau;2004;7.939
Guyana;2018;13.398
Guyana;2010;10.099
Guyana;2009;13.263
Guyana;2000;23.072
Haiti;2018;6.804
Haiti;2011;11.811
Haiti;1998;1.010
Honduras;2017;8.815
Honduras;2016;17.030
Honduras;2013;3.799
Honduras;2005;10.573
Honduras;2000;13.071
Hungary;2016;66.425
Hungary;2015;66.811
Hungary;2014;66.192
Hungary;2013;66.310
Hungary;2012;65.309
Hungary;2011;66.080
Hungary;2010;66.136
Iceland;2017;156.806
Iceland;2016;151.429
Iceland;2015;163.144
Iceland;2014;161.005
Iceland;2013;161.070
Iceland;2012;157.266
Iceland;2011;154.793
Iceland;2010;152.201
Iceland;2009;162.006
Iceland;2008;160.051
Iceland;2007;150.917
Iceland;2006;147.047
Iceland;2005;148.407
Iceland;2004;145.070
Iceland;2003;144.583
Iceland;2002;141.045
Iceland;2001;140.120
Iceland;2000;140.300
India;2017;21.071
India;2016;20.981
India;2014;13.757
India;2013;12.218
India;2012;11.132
India;2011;17.035
India;2010;15.394
India;2009;14.021
India;2008;13.801
India;2007;13.329
India;2005;12.947
India;2004;12.631
India;2003;12.481
India;2001;11.856
India;2000;11.693
India;1991;3.767
Indonesia;2017;20.583
Indonesia;2015;13.001
Indonesia;2013;11.443
Indonesia;2012;13.601
Indonesia;2010;10.581
Indonesia;2009;8.122
Indonesia;2003;8.160
Indonesia;1992;6.264
Iran (Islamic Republic of);2015;18.700
Iran (Islamic Republic of);2014;15.453
Iran (Islamic Republic of);2011;19.745
Iran (Islamic Republic of);2006;16.731
Iran (Islamic Republic of);2005;13.919
Iran (Islamic Republic of);2004;13.827
Iraq;2017;16.799
Iraq;2016;19.400
Iraq;2014;18.240
Ireland;2016;142.949
Ireland;2015;138.727
Ireland;2011;128.190
Ireland;2006;151.020
Israel;2016;52.044
Israel;2015;50.715
Israel;2014;50.328
Israel;2013;50.121
Israel;2012;49.529
Israel;2011;53.750
Israel;2010;52.634
Israel;1995;81.349
Italy;2017;58.693
Italy;2016;59.570
Italy;2015;58.184
Italy;2014;56.446
Italy;2013;66.080
Italy;2012;68.862
Italy;2011;69.414
Jamaica;2017;11.397
Jamaica;2016;16.204
Jamaica;2015;14.583
Jamaica;2014;14.336
Jamaica;2013;14.384
Jamaica;2012;15.125
Jamaica;2008;10.501
Jamaica;2003;16.125
Japan;2016;115.184
Japan;2014;111.212
Japan;2012;106.889
Japan;2011;116.382
Japan;2010;102.731
Japan;2008;102.952
Japan;2006;98.112
Japan;2004;94.423
Japan;2002;90.697
Japan;2000;86.546
Japan;1998;82.161
Japan;1996;77.699
Japan;1994;72.509
Japan;1992;67.448
Japan;1990;63.729
Japan;1988;
Japan;1986;
Japan;1984;
Japan;1982;
Japan;1980;
Jordan;2017;33.886
Jordan;2016;18.900
Jordan;2015;25.822
Jordan;2014;34.467
Jordan;2013;34.776
Jordan;2010;35.728
Jordan;2009;35.362
Jordan;2008;29.871
Jordan;2007;30.479
Jordan;2006;33.390
Jordan;2005;30.500
Jordan;2004;32.871
Jordan;2003;29.994
Jordan;2002;28.380
Jordan;2001;30.638
Jordan;2000;30.507
Jordan;1999;29.269
Jordan;1998;28.186
Kazakhstan;2013;84.890
Kazakhstan;2012;85.564
Kazakhstan;2011;84.178
Kazakhstan;2010;82.398
Kenya;2014;15.421
Kenya;2013;14.444
Kenya;2012;14.152
Kenya;2011;14.152
Kenya;2010;7.177
Kenya;2009;3.963
Kenya;2008;3.595
Kenya;2004;4.603
Kiribati;2016;48.287
Kiribati;2013;46.175
Kiribati;2011;39.351
Kiribati;2010;39.376
Kiribati;2008;36.687
Kiribati;2004;28.729
Kiribati;1998;23.407
Kuwait;2015;69.694
Kuwait;2014;64.997
Kuwait;2013;60.813
Kuwait;2012;63.323
Kuwait;2011;64.542
Kuwait;2010;65.158
Kuwait;2009;48.083
Kuwait;2008;46.827
Kuwait;2007;43.269
Kuwait;2006;41.467
Kuwait;2001;43.600
Kyrgyzstan;2013;64.299
Kyrgyzstan;2012;63.701
Kyrgyzstan;2011;62.274
Kyrgyzstan;2010;60.229
Kyrgyzstan;2009;54.881
Kyrgyzstan;2008;55.155
Lao People's Democratic Republic;2014;9.756
Lao People's Democratic Republic;2013;9.280
Lao People's Democratic Republic;2012;8.700
Lao People's Democratic Republic;2010;8.576
Lao People's Democratic Republic;2009;8.651
Lao People's Democratic Republic;2005;9.948
Lao People's Democratic Republic;2004;9.886
Lao People's Democratic Republic;2000;10.232
Lao People's Democratic Republic;1995;12.552
Latvia;2016;48.155
Latvia;2015;48.482
Latvia;2014;49.650
Latvia;2013;50.108
Latvia;2012;49.763
Latvia;2011;50.710
Latvia;2010;51.548
Latvia;2009;43.490
Latvia;2008;47.848
Latvia;2007;45.818
Latvia;2006;45.308
Latvia;2005;45.959
Latvia;2004;45.355
Latvia;2003;44.245
Latvia;2002;43.087
Latvia;2001;43.164
Latvia;2000;43.895
Latvia;1999;43.848
Latvia;1998;46.052
Latvia;1997;48.200
Latvia;1996;50.081
Latvia;1995;51.537
Latvia;1994;52.823
Latvia;1993;60.402
Latvia;1992;63.480
Latvia;1991;68.134
Latvia;1990;69.918
Lebanon;2017;26.448
Lebanon;2016;24.774
Lebanon;2015;24.438
Lebanon;2014;24.935
Lebanon;2013;26.150
Lebanon;2011;25.248
Lebanon;2010;20.269
Lebanon;2009;19.810
Lebanon;2007;16.961
Lebanon;2005;11.839
Lebanon;2001;12.372
Lesotho;2010;6.508
Lesotho;2003;5.855
Liberia;2015;1.007
Liberia;2010;4.572
Liberia;2008;2.670
Liberia;2004;3.258
Libya;2017;67.416
Libya;2014;69.657
Libya;2013;70.999
Libya;2009;70.219
Libya;2008;55.327
Libya;2004;47.609
Libya;1997;34.743
Lithuania;2016;79.155
Lithuania;2015;79.034
Lithuania;2014;78.304
Lithuania;2013;77.490
Lithuania;2012;77.651
Lithuania;2011;76.993
Lithuania;2010;78.779
Luxembourg;2017;123.496
Luxembourg;2016;122.408
Luxembourg;2015;123.346
Luxembourg;2014;123.171
Luxembourg;2013;122.710
Luxembourg;2012;122.539
Luxembourg;2011;119.619
Luxembourg;2010;117.543
Madagascar;2014;1.059
Madagascar;2012;2.174
Madagascar;2011;2.179
Madagascar;2010;2.233
Madagascar;2009;2.430
Madagascar;2008;2.811
Madagascar;2007;2.941
Madagascar;2006;3.022
Madagascar;2005;3.500
Madagascar;2004;2.854
Madagascar;2003;3.035
Madagascar;2002;3.129
Malawi;2016;2.528
Malawi;2009;3.270
Malawi;2008;2.730
Malawi;2004;5.731
Malaysia;2015;40.718
Malaysia;2012;38.008
Malaysia;2011;33.893
Malaysia;2010;32.085
Malaysia;2008;26.870
Malaysia;2002;17.927
Malaysia;2000;16.752
Maldives;2016;39.504
Maldives;2015;71.463
Maldives;2014;57.227
Maldives;2010;51.248
Maldives;2009;52.073
Maldives;2007;45.790
Maldives;2004;28.544
Maldives;1996;13.922
Maldives;1993;7.753
Maldives;1991;6.527
Maldives;1989;
Mali;2016;3.820
Mali;2012;3.765
Mali;2011;3.671
Mali;2010;4.454
Mali;2009;4.430
Mali;2007;2.107
Mali;2004;6.729
Malta;2015;89.500
Malta;2014;89.145
Malta;2013;78.639
Malta;2012;74.596
Malta;2011;74.474
Malta;2010;71.858
Marshall Islands;2012;35.484
Marshall Islands;2011;37.143
Marshall Islands;2010;24.237
Marshall Islands;2007;36.084
Mauritania;2017;10.341
Mauritania;2015;9.892
Mauritania;2014;9.464
Mauritania;2010;7.766
Mauritania;2009;6.568
Mauritania;2004;6.221
Mauritius;2015;33.831
Mauritius;2014;32.811
Mauritius;2013;31.570
Mauritius;2012;29.815
Mauritius;2011;29.337
Mauritius;2010;28.846
Mauritius;2009;28.135
Mauritius;2008;27.435
Mauritius;2007;26.744
Mauritius;2004;37.871
Mexico;2016;29.000
Mexico;2015;26.686
Mexico;2014;25.964
Mexico;2013;25.335
Mexico;2012;24.738
Mexico;2011;24.378
Mexico;2010;23.455
Mexico;2000;8.718
Micronesia (Federated States of);2009;36.058
Micronesia (Federated States of);2008;26.794
Micronesia (Federated States of);2005;23.446
Micronesia (Federated States of);2003;23.408
Micronesia (Federated States of);2000;38.827
Monaco;2014;202.625
Monaco;2013;187.632
Monaco;2012;179.101
Monaco;2011;167.733
Mongolia;2016;39.846
Mongolia;2014;40.480
Mongolia;2013;38.214
Mongolia;2012;37.965
Mongolia;2011;36.730
Mongolia;2010;36.407
Mongolia;2009;36.297
Mongolia;2008;36.547
Mongolia;2002;36.117
Montenegro;2015;57.179
Montenegro;2014;58.244
Montenegro;2013;57.822
Montenegro;2012;53.113
Montenegro;2011;54.980
Montenegro;2010;56.736
Morocco;2017;10.979
Morocco;2014;8.623
Morocco;2013;8.900
Morocco;2009;9.281
Morocco;2004;8.061
Mozambique;2017;4.436
Mozambique;2013;4.017
Mozambique;2012;3.928
Mozambique;2011;3.810
Mozambique;2010;3.925
Mozambique;2009;3.843
Mozambique;2007;5.219
Mozambique;2006;2.884
Mozambique;2004;3.044
Myanmar;2017;9.794
Myanmar;2016;10.375
Myanmar;2015;3.824
Myanmar;2012;9.585
Myanmar;2011;9.292
Myanmar;2010;9.012
Myanmar;2009;8.693
Myanmar;2008;8.372
Myanmar;2007;8.160
Myanmar;2006;7.939
Myanmar;2005;7.533
Myanmar;1988;
Namibia;2007;27.646
Namibia;2004;30.584
Nauru;2015;61.947
Nauru;2011;68.627
Nauru;2008;69.697
Nauru;2004;62.376
Nauru;1995;60.000
Nepal;2017;26.854
Nepal;2014;20.300
Nepal;2013;18.014
Nepal;2012;15.599
Nepal;2004;4.672
Netherlands;2016;111.043
Netherlands;2015;104.675
Netherlands;2014;105.284
New Zealand;2017;109.550
New Zealand;2016;109.198
New Zealand;2015;107.919
New Zealand;2014;105.512
New Zealand;2013;105.209
New Zealand;2012;105.177
New Zealand;2011;106.174
New Zealand;2010;105.760
New Zealand;2007;105.103
New Zealand;2001;85.082
New Zealand;2000;79.917
Nicaragua;2018;15.775
Nicaragua;2014;13.839
Nicaragua;2013;13.864
Nicaragua;2012;13.941
Nicaragua;2011;13.881
Nicaragua;2010;12.838
Nicaragua;2009;13.209
Nicaragua;2008;13.084
Nicaragua;2007;11.970
Nicaragua;2006;11.713
Nicaragua;2005;11.700
Nicaragua;2003;11.185
Niger;2014;3.109
Niger;2013;2.415
Niger;2009;2.043
Niger;2008;1.389
Niger;2004;2.147
Nigeria;2013;14.524
Nigeria;2010;13.561
Nigeria;2009;10.762
Nigeria;2008;14.962
Nigeria;2007;14.985
Nigeria;2006;15.026
Nigeria;2005;15.361
Nigeria;2003;15.936
Niue;2008;100.000
Niue;2006;88.235
Niue;2004;129.412
Niue;2003;94.444
Niue;1996;61.905
Norway;2017;181.247
Norway;2016;179.793
Norway;2015;178.622
Norway;2014;179.853
Norway;2013;177.637
Norway;2012;176.343
Norway;2011;174.917
Norway;2010;171.921
Norway;2009;311.431
Oman;2017;43.004
Oman;2016;44.657
Oman;2015;46.028
Oman;2014;47.451
Oman;2013;45.615
Oman;2012;45.105
Oman;2011;43.981
Oman;2010;42.298
Oman;2009;41.977
Oman;2008;40.714
Oman;2007;39.034
Oman;2006;37.224
Oman;2005;36.941
Oman;2004;35.774
Oman;2000;34.519
Oman;1999;28.551
Oman;1998;28.265
Oman;1997;25.745
Oman;1995;27.383
Oman;1990;22.884
Oman;1985;
Oman;1980;
Oman;1975;
Pakistan;2015;5.004
Pakistan;2011;4.460
Pakistan;2010;5.886
Pakistan;2009;5.719
Pakistan;2008;5.556
Pakistan;2004;4.760
Pakistan;2001;4.430
Pakistan;2000;4.335
Pakistan;1999;4.311
Pakistan;1998;4.162
Pakistan;1997;3.912
Pakistan;1996;3.687
Pakistan;1995;3.459
Pakistan;1994;3.438
Pakistan;1993;3.331
Pakistan;1992;3.259
Palau;2014;52.607
Palau;2010;58.049
Palau;2009;55.172
Palau;2006;59.000
Palau;2004;60.606
Palau;1998;61.081
Panama;2016;14.100
Panama;2011;23.138
Panama;2010;24.761
Panama;2006;20.030
Panama;2005;20.042
Panama;2004;19.908
Panama;2003;21.984
Panama;2002;19.163
Panama;2001;18.413
Panama;1999;11.423
Panama;1998;10.936
Panama;1997;11.048
Panama;1996;10.779
Panama;1995;10.443
Panama;1994;10.253
Panama;1993;10.066
Panama;1992;9.639
Panama;1991;9.742
Panama;1990;9.955
Papua New Guinea;2010;5.125
Papua New Guinea;2008;4.190
Papua New Guinea;2000;5.099
Paraguay;2018;11.669
Paraguay;2017;3.999
Paraguay;2012;10.486
Paraguay;2002;18.627
Peru;2016;13.500
Peru;2012;14.929
Peru;2009;12.990
Peru;2007;35.921
Peru;1999;6.693
Philippines;2010;33.348
Philippines;2009;56.589
Philippines;2008;51.306
Philippines;2007;46.594
Philippines;2006;44.088
Philippines;2005;42.778
Philippines;2004;42.402
Philippines;2003;42.376
Philippines;2002;42.682
Philippines;2001;42.985
Philippines;2000;43.165
Poland;2016;57.221
Poland;2015;57.453
Poland;2014;57.861
Poland;2013;58.320
Poland;2012;67.955
Poland;2011;64.267
Poland;2010;64.191
Portugal;2016;63.725
Portugal;2014;65.788
Portugal;2013;64.878
Portugal;2012;64.121
Portugal;2011;62.921
Portugal;2010;60.794
Portugal;2009;55.908
Portugal;2008;53.237
Portugal;2007;50.873
Portugal;2006;48.071
Portugal;2005;45.577
Portugal;2004;43.487
Portugal;2003;41.812
Portugal;2002;40.023
Qatar;2016;66.028
Qatar;2014;57.998
Qatar;2010;59.645
Qatar;2009;47.743
Qatar;2008;60.664
Qatar;2006;61.213
Qatar;2005;56.423
Republic of Korea;2017;69.735
Republic of Korea;2016;68.594
Republic of Korea;2015;60.115
Republic of Korea;2014;56.345
Republic of Korea;2013;52.442
Republic of Korea;2012;48.727
Republic of Korea;2011;47.499
Republic of Korea;2010;56.243
Republic of Korea;2009;54.106
Republic of Korea;2008;51.892
Republic of Korea;2007;49.788
Republic of Korea;2006;47.520
Republic of Korea;2005;45.639
Republic of Korea;2004;43.433
Republic of Moldova;2015;45.113
Republic of Moldova;2014;55.006
Republic of Moldova;2013;56.736
Republic of Moldova;2012;57.957
Republic of Moldova;2011;58.368
Republic of Moldova;2010;58.438
Romania;2016;60.979
Romania;2013;63.273
Romania;2012;61.370
Romania;2011;60.122
Romania;2010;59.238
Russian Federation;2016;86.212
Russian Federation;2015;86.567
Russian Federation;2014;89.509
Russian Federation;2013;87.802
Russian Federation;2012;84.968
Russian Federation;2011;87.461
Russian Federation;2010;72.541
Rwanda;2015;8.307
Rwanda;2009;6.654
Rwanda;2008;6.750
Saint Kitts and Nevis;2015;39.779
Saint Kitts and Nevis;2001;63.913
Saint Kitts and Nevis;1999;58.929
Saint Kitts and Nevis;1998;56.208
Saint Kitts and Nevis;1997;55.479
Saint Kitts and Nevis;1996;58.525
Saint Kitts and Nevis;1995;56.410
Saint Kitts and Nevis;1994;59.434
Saint Kitts and Nevis;1993;68.421
Saint Kitts and Nevis;1992;69.082
Saint Kitts and Nevis;1991;69.268
Saint Kitts and Nevis;1990;69.363
Saint Lucia;2014;15.873
Saint Lucia;2005;19.914
Saint Lucia;2004;23.120
Saint Lucia;2003;30.745
Saint Lucia;2001;23.407
Saint Lucia;1999;21.327
Saint Vincent and the Grenadines;2010;25.801
Saint Vincent and the Grenadines;2004;46.409
Saint Vincent and the Grenadines;2001;44.074
Saint Vincent and the Grenadines;2000;41.427
Saint Vincent and the Grenadines;1997;25.556
Samoa;2014;18.565
Samoa;2012;17.865
Samoa;2010;15.360
Samoa;2008;18.965
Samoa;2003;17.445
Samoa;1999;20.081
San Marino;2014;87.768
San Marino;2013;92.260
San Marino;2012;93.417
San Marino;2011;88.254
Sao Tome and Principe;2015;22.600
Sao Tome and Principe;2004;20.263
Saudi Arabia;2016;57.000
Saudi Arabia;2014;52.251
Saudi Arabia;2012;48.030
Saudi Arabia;2011;47.678
Saudi Arabia;2010;47.325
Saudi Arabia;2009;41.580
Saudi Arabia;2008;39.050
Saudi Arabia;2000;17.576
Senegal;2016;3.129
Senegal;2015;7.755
Senegal;2013;13.851
Senegal;2008;4.305
Senegal;2004;3.000
Serbia;2016;61.203
Serbia;2015;47.192
Serbia;2014;53.377
Serbia;2013;53.863
Serbia;2012;53.719
Serbia;2011;53.998
Serbia;2010;53.224
Seychelles;2016;32.613
Seychelles;2012;45.395
Seychelles;2010;45.077
Seychelles;2008;44.873
Seychelles;2007;45.515
Seychelles;2006;46.154
Seychelles;2005;43.968
Seychelles;2004;72.457
Sierra Leone;2014;9.962
Sierra Leone;2011;2.765
Sierra Leone;2010;2.852
Sierra Leone;2008;1.607
Sierra Leone;2004;4.614
Singapore;2016;72.141
Singapore;2014;58.268
Singapore;2013;56.956
Singapore;2012;55.803
Singapore;2011;52.085
Singapore;2010;57.821
Singapore;2009;53.956
Singapore;2008;49.904
Singapore;2007;47.189
Singapore;2006;45.376
Singapore;2005;44.905
Singapore;2004;44.231
Singapore;2001;43.292
Singapore;1999;41.762
Slovakia;2016;91.727
Slovakia;2015;60.052
Slovakia;2014;63.974
Slovakia;2013;63.921
Slovakia;2012;64.625
Slovakia;2011;66.023
Slovakia;2010;67.526
Slovakia;2009;63.838
Slovenia;2016;96.800
Slovenia;2015;88.090
Slovenia;2014;86.581
Slovenia;2013;84.125
Slovenia;2012;82.634
Slovenia;2011;83.832
Slovenia;2010;82.491
Solomon Islands;2016;21.307
Solomon Islands;2013;17.711
Solomon Islands;2012;17.516
Solomon Islands;2011;17.921
Solomon Islands;2009;20.926
Solomon Islands;2005;14.769
Solomon Islands;2003;14.100
Solomon Islands;1999;8.991
Somalia;2014;0.611
Somalia;2006;0.900
South Africa;2017;35.171
South Africa;2016;51.318
South Africa;2015;50.391
South Africa;2014;49.585
South Africa;2013;48.486
South Africa;2012;46.933
South Africa;2011;45.576
South Africa;2010;44.797
South Africa;2009;43.518
South Africa;2008;42.213
South Africa;2007;40.882
South Africa;2006;39.890
South Africa;2005;39.178
South Africa;2004;38.232
South Africa;2003;37.298
South Africa;2002;36.760
South Africa;2001;37.154
South Africa;2000;37.536
South Africa;1999;38.371
South Africa;1998;39.147
Spain;2016;55.307
Spain;2015;52.919
Spain;2014;55.113
Spain;2013;54.898
Spain;2012;52.350
Spain;2011;52.008
Spain;2010;51.266
Spain;2009;54.963
Spain;2008;54.355
Spain;2007;53.529
Spain;2006;53.001
Spain;2005;52.449
Spain;2004;52.013
Spain;2003;51.759
Spain;2002;50.819
Spain;2001;50.384
Spain;2000;49.992
Spain;1999;48.678
Spain;1998;47.800
Spain;1997;45.320
Spain;1996;44.248
Spain;1995;43.151
Spain;1994;42.238
Spain;1993;42.356
Spain;1992;41.728
Spain;1991;40.932
Spain;1990;40.324
Spain;1989;
Spain;1988;
Spain;1987;
Spain;1986;
Spain;1985;
Spain;1984;
Spain;1983;
Spain;1982;
Spain;1981;
Spain;1980;
Spain;1979;
Spain;1978;
Spain;1977;
Sri Lanka;2016;21.155
Sri Lanka;2015;24.870
Sri Lanka;2013;20.085
Sri Lanka;2010;17.510
Sri Lanka;2009;15.590
Sri Lanka;2008;15.072
Sri Lanka;2007;20.533
Sri Lanka;2006;16.737
Sri Lanka;2005;14.092
Sri Lanka;2004;17.155
Sri Lanka;2002;10.624
Sri Lanka;2001;8.352
Sri Lanka;2000;11.916
Sri Lanka;1999;7.527
Sri Lanka;1998;7.873
Sri Lanka;1997;7.477
Sri Lanka;1996;7.584
Sri Lanka;1995;10.846
Sri Lanka;1994;9.647
Sri Lanka;1993;10.296
Sri Lanka;1992;8.677
Sri Lanka;1991;8.014
Sri Lanka;1990;7.371
Sri Lanka;1988;
Sri Lanka;1980;
Sudan;2015;8.300
Sudan;2014;12.068
Sudan;2008;9.843
Sudan;2007;10.068
Sudan;2006;10.553
Sudan;2004;10.434
Suriname;2017;40.983
Suriname;2009;30.772
Suriname;2004;52.269
Suriname;2000;14.564
Sweden;2016;115.434
Sweden;2015;118.503
Sweden;2014;118.931
Sweden;2013;118.910
Sweden;2012;118.672
Sweden;2011;118.355
Sweden;2010;118.208
Sweden;2007;109.656
Switzerland;2016;172.828
Switzerland;2015;168.152
Switzerland;2014;163.739
Switzerland;2013;161.315
Switzerland;2012;171.995
Switzerland;2011;171.517
Switzerland;2010;165.847
Syrian Arab Republic;2016;14.600
Syrian Arab Republic;2014;22.502
Syrian Arab Republic;2010;19.056
Syrian Arab Republic;2009;18.766
Syrian Arab Republic;2008;18.730
Syrian Arab Republic;2007;19.140
Syrian Arab Republic;2005;18.915
Syrian Arab Republic;2004;19.155
Syrian Arab Republic;2003;18.506
Syrian Arab Republic;2002;19.602
Syrian Arab Republic;2000;19.544
Syrian Arab Republic;1999;19.051
Syrian Arab Republic;1998;23.184
Syrian Arab Republic;1997;22.244
Tajikistan;2014;52.330
Tajikistan;2013;49.380
Tajikistan;2012;48.766
Tajikistan;2011;45.274
Tajikistan;2010;44.184
Tajikistan;2009;33.928
Thailand;2017;29.647
Thailand;2016;27.786
Thailand;2015;23.702
Thailand;2010;20.639
Thailand;2009;16.417
Thailand;2008;15.838
Thailand;2007;15.279
Thailand;2006;15.445
Thailand;2004;14.877
Thailand;2002;13.217
Thailand;2001;12.282
Thailand;1999;10.915
Thailand;1998;10.343
Thailand;1997;9.261
Thailand;1995;9.121
Thailand;1993;7.996
Thailand;1991;7.106
Thailand;1989;
Thailand;1987;
Thailand;1985;
Thailand;1983;
Thailand;1981;
Thailand;1979;
Thailand;1977;
Thailand;1975;
Thailand;1973;
Thailand;1971;
Republic of North Macedonia;2015;37.917
Republic of North Macedonia;2013;47.545
Republic of North Macedonia;2012;47.237
Republic of North Macedonia;2011;47.703
Republic of North Macedonia;2010;47.805
Timor-Leste;2017;16.701
Timor-Leste;2015;14.287
Timor-Leste;2014;13.580
Timor-Leste;2013;9.659
Timor-Leste;2011;11.339
Timor-Leste;2010;11.310
Timor-Leste;2009;11.136
Timor-Leste;2008;10.231
Timor-Leste;2007;9.925
Timor-Leste;2004;18.009
Togo;2015;2.980
Togo;2010;14.434
Togo;2008;2.947
Togo;2007;4.122
Togo;2004;3.500
Tonga;2016;39.320
Tonga;2013;38.746
Tonga;2010;38.425
Tonga;2009;36.486
Tonga;2008;35.340
Tonga;2002;35.282
Tonga;2001;34.584
Trinidad and Tobago;2015;35.093
Trinidad and Tobago;2011;32.806
Trinidad and Tobago;2010;29.403
Trinidad and Tobago;2009;34.700
Trinidad and Tobago;2007;35.721
Trinidad and Tobago;2006;35.523
Trinidad and Tobago;2003;30.997
Trinidad and Tobago;2002;29.856
Trinidad and Tobago;2001;27.759
Trinidad and Tobago;2000;25.978
Trinidad and Tobago;1999;28.850
Trinidad and Tobago;1998;27.255
Trinidad and Tobago;1997;22.932
Trinidad and Tobago;1996;22.656
Trinidad and Tobago;1995;29.777
Tunisia;2016;26.351
Tunisia;2015;26.478
Tunisia;2014;24.406
Tunisia;2010;22.402
Tunisia;2009;21.536
Tunisia;2008;21.772
Tunisia;2004;28.487
Tunisia;2003;20.799
Turkey;2015;26.304
Turkey;2014;32.209
Turkey;2013;32.512
Turkey;2012;32.431
Turkey;2011;31.167
Turkey;2010;29.789
Turkey;2009;21.662
Turkey;2008;20.952
Turkey;2007;20.380
Turkey;2006;18.485
Turkey;2005;17.926
Turkey;2004;17.756
Turkey;2003;17.575
Turkey;2002;17.480
Turkey;2001;17.806
Turkey;2000;17.575
Turkey;1999;17.908
Turkey;1998;17.986
Turkey;1997;17.805
Turkey;1996;17.413
Turkey;1995;17.747
Turkey;1994;15.962
Turkey;1993;15.980
Turkey;1992;15.346
Turkey;1991;14.818
Turkey;1990;13.983
Turkey;1989;
Turkey;1988;
Turkey;1987;
Turkey;1986;
Turkey;1985;
Turkey;1984;
Turkey;1983;
Turkey;1982;
Turkey;1981;
Turkey;1980;
Turkey;1979;
Turkey;1978;
Turkey;1977;
Turkey;1976;
Turkey;1975;
Turkey;1974;
Turkey;1973;
Turkey;1972;
Turkey;1971;
Turkey;1970;
Turkmenistan;2014;46.306
Turkmenistan;2013;46.488
Turkmenistan;2012;46.959
Turkmenistan;2011;47.175
Turkmenistan;2010;47.165
Turkmenistan;2002;94.054
Tuvalu;2014;37.615
Tuvalu;2008;62.136
Tuvalu;2003;51.020
Tuvalu;2002;40.625
Uganda;2015;6.303
Uganda;2012;11.351
Uganda;2005;13.181
Uganda;2004;6.881
Ukraine;2014;70.576
Ukraine;2013;80.038
Ukraine;2012;79.660
Ukraine;2011;79.118
Ukraine;2010;79.104
United Arab Emirates;2016;55.857
United Arab Emirates;2015;50.419
United Arab Emirates;2014;40.214
United Arab Emirates;2013;34.113
United Arab Emirates;2012;30.914
United Arab Emirates;2011;29.461
United Arab Emirates;2010;27.425
United Arab Emirates;2009;30.201
United Arab Emirates;2008;28.979
United Arab Emirates;2007;30.416
United Arab Emirates;2006;28.310
United Arab Emirates;2005;30.055
United Arab Emirates;2004;33.357
United Arab Emirates;2003;39.231
United Arab Emirates;2002;37.668
United Arab Emirates;2001;36.921
United Arab Emirates;2000;33.786
United Arab Emirates;1999;36.139
United Arab Emirates;1998;43.297
United Arab Emirates;1997;35.133
United Arab Emirates;1996;35.200
United Arab Emirates;1995;35.315
United Arab Emirates;1994;36.527
United Arab Emirates;1993;37.506
United Arab Emirates;1992;39.370
United Arab Emirates;1991;37.680
United Arab Emirates;1990;27.836
United Kingdom of Great Britain and Northern Ireland;2017;82.878
United Kingdom of Great Britain and Northern Ireland;2016;83.341
United Kingdom of Great Britain and Northern Ireland;2015;88.271
United Kingdom of Great Britain and Northern Ireland;2014;86.354
United Kingdom of Great Britain and Northern Ireland;2013;90.978
United Kingdom of Great Britain and Northern Ireland;2012;91.179
United Kingdom of Great Britain and Northern Ireland;2011;92.669
United Kingdom of Great Britain and Northern Ireland;2010;99.578
United Kingdom of Great Britain and Northern Ireland;1997;121.551
United Republic of Tanzania;2014;4.126
United Republic of Tanzania;2012;4.238
United Republic of Tanzania;2006;2.323
United Republic of Tanzania;2002;3.681
United States of America;2015;85.500
United States of America;2014;88.320
United States of America;2010;126.078
United States of America;2005;99.177
United States of America;2000;94.673
United States of America;1995;89.400
United States of America;1985;
Uruguay;2017;19.299
Uruguay;2016;62.782
Uruguay;2008;58.479
Uruguay;2006;29.865
Uruguay;2002;8.654
Uzbekistan;2014;120.739
Uzbekistan;2013;121.486
Uzbekistan;2012;122.176
Uzbekistan;2011;122.730
Uzbekistan;2010;122.281
Vanuatu;2016;13.853
Vanuatu;2012;18.545
Vanuatu;2008;16.866
Vanuatu;2007;15.636
Vanuatu;2004;17.638
Vanuatu;1997;24.457
Venezuela (Bolivarian Republic of);2001;11.223
Venezuela (Bolivarian Republic of);1997;6.499
Viet Nam;2016;14.321
Viet Nam;2015;14.092
Viet Nam;2014;14.171
Viet Nam;2012;14.419
Viet Nam;2010;12.256
Viet Nam;2009;11.022
Viet Nam;2008;10.152
Viet Nam;2007;9.448
Viet Nam;2006;8.748
Viet Nam;2005;8.263
Viet Nam;2002;7.542
Viet Nam;2001;7.296
Yemen;2014;7.300
Yemen;2010;7.028
Yemen;2004;6.867
Yemen;1997;4.039
Zambia;2016;8.925
Zambia;2010;7.171
Zambia;2009;7.058
Zambia;2008;6.949
Zambia;2006;6.758
Zambia;2005;6.944
Zimbabwe;2014;11.546
Zimbabwe;2013;12.436
Zimbabwe;2012;10.561
Zimbabwe;2011;11.832
Zimbabwe;2010;12.089
Zimbabwe;2009;12.069
Zimbabwe;1995;15.389
Zimbabwe;1990;14.896
Zimbabwe;1985;
